CrashId,Town Name,Date Of Crash,Time of Crash,Route Class
117788,Southington,2015-01-03,14:57:00,Local
120216,Bristol,2015-01-11,18:21:00,Local
120571,Torrington,2015-01-04,5:14:00,State
122336,Bloomfield,2015-01-23,9:25:00,State
122344,Bloomfield,2015-04-30,14:54:00,State
123010,Greenwich,2015-01-06,6:54:00,Local
123599,New Britain,2015-05-19,17:06:00,State
124498,Hebron,2015-02-17,4:34:00,State
126168,Waterbury,2015-02-20,22:41:00,State
128440,Meriden,2015-08-03,1:20:00,State
129822,Bridgeport,2014-08-03,2:33:00,Unknown
129825,Woodstock,2014-12-05,17:46:00,Unknown
129826,New Haven,2014-12-11,20:47:00,Unknown
129827,Berlin,2014-12-13,2:16:00,Unknown
129829,Essex,2014-12-22,7:42:00,Unknown
129830,Beacon Falls,2014-12-23,19:58:00,Unknown
129831,Westport,2014-12-28,2:32:00,Unknown
131024,Stonington,2015-07-27,20:08:00,Interstate
131373,Suffield,2014-12-10,18:01:00,Unknown
137497,Bristol,2015-06-19,11:02:00,USRoute
137513,Danbury,2015-04-29,17:07:00,USRoute
137514,Danbury,2015-05-13,6:50:00,Unknown
137546,East Hampton,2015-05-30,17:33:00,Local
137562,Enfield,2015-05-28,21:13:00,State
137569,Farmington,2015-02-20,12:05:00,Local
137580,Groton,2015-08-04,6:22:00,Local
137583,Guilford,2015-08-01,3:13:00,Local
137586,Hamden,2015-09-04,0:37:00,Local
137721,North Haven,2015-03-11,7:02:00,State
137727,Norwalk,2015-04-05,0:27:00,Local
137728,Norwalk,2015-05-09,0:23:00,Local
137729,Norwalk,2015-05-27,3:40:00,Local
137730,Norwalk,2015-06-21,3:17:00,USRoute
137746,Plainfield,2015-08-02,2:03:00,State
137769,Southington,2015-06-16,16:54:00,Local
137781,North Canaan,2015-01-26,10:38:00,Unknown
137799,Brooklyn,2015-05-30,8:08:00,USRoute
137800,Montville,2015-05-31,2:15:00,Interstate
138000,Suffield,2015-08-23,19:18:00,State
138006,Trumbull,2015-03-17,9:06:00,Unknown
138014,Vernon,2015-06-13,22:25:00,Local
138022,Waterbury,2015-02-17,16:00:00,State
138280,Norwich,2015-08-24,22:16:00,Local
139796,New Hartford,2014-12-04,1:50:00,Unknown
143434,Hartford,2015-08-09,14:13:00,Local
145669,New Haven,2015-09-18,21:45:00,Local
148566,Torrington,2015-10-05,1:17:00,State
149836,Bristol,2015-10-16,11:52:00,Local
150245,Torrington,2015-10-22,15:10:00,Local
150573,Meriden,2015-09-28,14:58:00,State
152507,East Hartford,2015-10-11,8:50:00,Local
153471,Orange,2015-11-21,8:18:00,State
158519,Guilford,2015-05-15,0:20:00,Interstate
161615,Brooklyn,2015-05-08,11:13:00,Local
161953,New London,2015-06-13,19:42:00,USRoute
162037,Coventry,2015-05-31,21:32:00,USRoute
162038,Harwinton,2015-06-14,22:08:00,Local
164374,Glastonbury,2015-06-13,15:57:00,Unknown
165992,North Branford,2015-08-20,8:32:00,Unknown
166042,Stamford,2015-10-20,18:48:00,Unknown
166480,Hebron,2015-06-20,12:59:00,State
167216,Danbury,2015-07-02,21:24:00,USRoute
168148,Waterbury,2015-10-11,4:00:00,State
168773,Wethersfield,2015-05-09,20:13:00,State
170052,Bridgeport,2015-02-08,1:20:00,Local
172160,Hamden,2016-01-30,3:09:00,State
174047,Newington,2015-05-25,7:05:00,State
176234,Enfield,2014-12-14,19:34:00,Unknown
179107,Danbury,2015-04-12,7:56:00,Local
179142,Greenwich,2015-09-14,13:35:00,Unknown
179298,North Haven,2015-01-04,21:01:00,Interstate
179299,Canterbury,2015-02-18,18:28:00,Local
179300,Norwich,2015-03-01,15:53:00,State
179301,New Haven,2015-03-06,1:37:00,Interstate
179590,East Haven,2015-02-22,4:04:00,USRoute
179806,Barkhamsted,2015-01-07,13:06:00,Local
179990,Waterbury,2015-02-04,22:39:00,State
180104,East Haven,2015-06-27,21:42:00,State
180227,New Haven,2015-07-19,3:06:00,State
180358,Ledyard,2015-06-03,4:23:00,Local
180360,Putnam,2015-06-22,13:01:00,State
180361,Putnam,2015-07-02,16:56:00,State
180362,Preston,2015-07-03,1:21:00,State
180364,East Lyme,2015-07-19,19:02:00,Interstate
180365,Manchester,2015-07-22,6:24:00,Interstate
180368,Stonington,2015-08-04,11:08:00,Interstate
180653,Wilton,2015-08-02,19:11:00,USRoute
180922,North Stonington,2015-08-14,14:16:00,State
181305,Danbury,2016-02-06,19:50:00,State
184910,Norwalk,2015-01-21,11:25:00,Local
185219,Berlin,2016-01-16,0:36:00,Local
185270,Brookfield,2015-06-14,18:51:00,State
185802,Cheshire,2015-09-06,7:45:00,Local
185838,Groton,2015-10-29,22:13:00,USRoute
185900,Simsbury,2015-10-03,22:11:00,State
185921,Ellington,2015-10-20,0:31:00,State
186079,Trumbull,2015-10-24,9:00:00,State
186155,Berlin,2015-11-05,19:28:00,State
186238,Bristol,2015-10-08,8:26:00,Local
186285,Cheshire,2015-10-10,18:56:00,State
186301,Danbury,2015-10-29,12:21:00,Local
186359,East Haven,2015-11-07,16:53:00,State
186368,Fairfield,2015-05-05,4:57:00,State
186381,Granby,2015-11-21,17:38:00,Local
186396,Guilford,2015-11-03,17:30:00,State
186402,Hartford,2015-12-04,22:46:00,Local
186428,Hartford,2015-12-25,1:35:00,Local
186653,Ashford,2015-11-16,0:31:00,Interstate
187108,Trumbull,2015-11-26,0:58:00,Local
187321,Branford,2015-04-16,8:54:00,Local
187494,Granby,2015-04-12,16:16:00,State
187512,Hartford,2015-07-23,17:28:00,Local
187656,New Milford,2015-08-14,23:26:00,USRoute
187719,Thompson,2015-10-17,17:06:00,Local
187840,Wethersfield,2015-12-07,19:15:00,Local
189953,Montville,2015-05-17,13:30:00,Local
190290,Suffield,2015-03-13,23:18:00,State
190390,West Haven,2015-04-04,13:24:00,Local
190478,Bridgeport,2015-02-06,1:21:00,State
190554,Hartford,2015-03-08,21:17:00,USRoute
190622,Newington,2015-02-12,20:43:00,State
190623,Newington,2015-02-27,20:10:00,State
190954,Newington,2015-09-15,6:03:00,State
190999,Stamford,2015-09-16,22:10:00,USRoute
191212,Waterbury,2015-09-28,20:40:00,Local
194353,Hartford,2016-03-25,1:02:00,Local
197001,Wethersfield,2016-04-06,19:53:00,State
197269,Greenwich,2016-04-17,22:56:00,USRoute
199104,Enfield,2016-02-17,6:03:00,USRoute
200726,Manchester,2015-10-12,21:59:00,USRoute
201305,Branford,2016-04-22,12:45:00,State
202086,Bridgeport,2016-05-14,14:54:00,Local
202207,New Haven,2016-04-25,22:32:00,USRoute
203545,New Haven,2016-05-19,23:30:00,Local
204137,Middlebury,2016-05-24,9:14:00,Local
204154,New Haven,2015-04-24,22:15:00,Local
204470,Manchester,2016-01-29,20:58:00,Local
207464,Shelton,2016-05-11,20:40:00,State
207625,Bridgeport,2016-06-04,5:46:00,Local
208288,Bridgeport,2016-06-19,5:02:00,Local
208829,Monroe,2016-03-15,21:40:00,Local
210517,Coventry,2016-05-24,23:15:00,USRoute
211789,West Hartford,2016-05-04,14:38:00,USRoute
213297,New Haven,2016-03-07,0:06:00,Local
215513,New Haven,2016-01-03,21:36:00,Local
217004,Waterbury,2015-01-15,0:49:00,Local
217006,Waterbury,2015-05-03,7:03:00,Local
217007,Waterbury,2015-06-14,1:00:00,Local
217008,Waterbury,2015-07-01,3:03:00,Local
217010,Waterbury,2015-09-08,6:15:00,Local
217011,Waterbury,2015-10-15,13:11:00,Local
217385,New Haven,2016-07-16,16:36:00,Local
217606,Wallingford,2016-06-17,23:07:00,USRoute
224354,Torrington,2016-03-17,3:43:00,State
224743,Woodbridge,2016-06-10,21:53:00,Local
225567,Middletown,2015-03-17,10:38:00,State
225697,East Hartford,2015-05-13,4:31:00,State
234595,Orange,2016-07-24,0:23:00,State
234902,Shelton,2016-02-28,4:46:00,State
236378,Hartford,2016-08-25,3:21:00,Local
236396,Meriden,2016-08-19,2:40:00,Local
236502,Old Saybrook,2016-08-16,20:11:00,Local
236713,Guilford,2016-08-04,13:46:00,Local
236959,Bristol,2016-07-07,13:42:00,Local
237974,Bloomfield,2016-07-29,8:38:00,State
237992,Bristol,2016-08-06,0:50:00,Local
238246,Stratford,2016-05-23,18:33:00,Local
239672,Rocky Hill,2016-06-19,5:18:00,Local
241831,Bristol,2016-07-15,13:41:00,Local
242269,Waterbury,2016-03-10,13:49:00,State
242317,West Haven,2016-08-22,22:34:00,Local
243570,Danbury,2016-02-03,21:42:00,Local
244753,Bridgeport,2016-09-08,13:39:00,Local
245336,Waterbury,2015-08-04,0:01:00,Local
245395,Derby,2016-06-23,23:59:00,State
247816,Plainfield,2015-04-17,0:57:00,State
248571,Brooklyn,2015-02-06,14:11:00,State
248572,Branford,2015-02-08,0:48:00,Interstate
248576,Waterbury,2015-02-21,1:54:00,State
248584,Tolland,2015-03-19,11:37:00,Local
248586,Willington,2015-03-23,16:44:00,State
251520,Old Lyme,2015-05-02,15:49:00,USRoute
251535,Westbrook,2015-07-23,16:38:00,Local
253020,Hartford,2015-11-10,10:54:00,Local
253263,Milford,2016-01-09,17:33:00,State
254462,Cromwell,2015-01-03,15:44:00,Interstate
254637,Cheshire,2015-03-09,15:53:00,Interstate
254689,Fairfield,2015-04-02,9:56:00,Interstate
254739,Stratford,2015-04-26,1:43:00,State
254743,Southington,2015-05-04,7:45:00,Interstate
254747,Fairfield,2015-05-05,3:07:00,Interstate
254749,Lebanon,2015-05-14,6:24:00,Local
254778,East Lyme,2015-08-09,11:59:00,Local
254791,North Stonington,2015-09-04,9:46:00,Interstate
254817,Killingly,2015-10-31,21:56:00,USRoute
254839,Warren,2015-11-19,17:10:00,State
256731,Hartford,2016-05-08,5:06:00,Local
257565,Milford,2016-03-06,2:00:00,USRoute
257638,New Milford,2016-01-25,9:11:00,USRoute
257816,Stamford,2016-01-10,20:24:00,State
258040,Westport,2015-02-02,23:22:00,Interstate
258042,Woodbury,2015-02-25,12:49:00,Local
258056,Shelton,2015-05-07,11:38:00,State
258071,Harwinton,2015-05-18,10:55:00,State
258086,Guilford,2015-05-27,5:43:00,Interstate
258131,East Haddam,2015-06-27,15:59:00,Local
258216,East Hartford,2015-08-07,22:10:00,Interstate
258259,Columbia,2015-09-18,16:11:00,State
258289,Bethlehem,2015-10-11,15:57:00,State
258297,Torrington,2015-10-19,23:40:00,State
258308,Bozrah,2015-10-30,8:01:00,State
259347,Bloomfield,2015-09-04,23:56:00,State
259369,Bridgeport,2016-01-11,15:18:00,Local
259370,Bridgeport,2016-02-06,6:32:00,Local
259623,Fairfield,2016-08-07,9:12:00,Local
260047,Hartford,2016-08-21,22:37:00,State
260069,Manchester,2016-01-15,19:35:00,State
260284,Middletown,2015-06-29,9:55:00,State
260421,Monroe,2016-06-18,10:20:00,State
260482,New Haven,2016-08-13,21:20:00,USRoute
260593,Newington,2016-02-25,18:53:00,State
261209,Shelton,2015-04-25,7:45:00,State
261211,Andover,2015-06-04,13:24:00,USRoute
261216,East Hartford,2015-08-07,22:18:00,State
261219,New Haven,2015-08-15,21:10:00,Interstate
261225,Thompson,2015-09-19,15:43:00,State
261245,Sherman,2015-11-24,11:12:00,State
261246,East Windsor,2015-11-28,2:52:00,Interstate
261248,Marlborough,2015-12-09,23:43:00,State
261252,East Hartford,2015-12-26,3:56:00,Interstate
261262,Stratford,2016-01-13,21:17:00,State
261267,Willington,2016-01-23,19:35:00,Local
261272,New Haven,2016-02-06,2:32:00,Local
261299,Somers,2016-03-23,11:11:00,State
262349,Bridgeport,2016-07-02,13:45:00,Local
264603,Westport,2016-01-22,11:42:00,Interstate
264605,Tolland,2016-02-10,11:49:00,State
265370,East Haven,2016-08-31,16:15:00,Local
266332,Berlin,2015-07-26,0:18:00,State
267599,Meriden,2015-11-17,18:00:00,Local
268128,New Milford,2015-08-02,15:58:00,USRoute
269319,Mansfield,2015-03-23,10:32:00,State
269760,Windsor Locks,2015-11-19,5:32:00,Interstate
270881,Waterbury,2015-07-04,0:57:00,State
273536,New London,2015-12-18,2:07:00,State
274149,North Canaan,2015-06-03,0:46:00,Local
274155,Montville,2015-08-11,19:09:00,State
275062,East Lyme,2016-01-11,4:28:00,Interstate
278084,New Haven,2016-01-28,10:37:00,USRoute
278726,Plymouth,2015-09-21,18:13:00,Local
279272,Westbrook,2015-04-25,17:56:00,USRoute
279274,Derby,2015-06-20,2:28:00,State
279299,Plainville,2015-08-03,3:53:00,Interstate
280575,Suffield,2015-06-14,18:43:00,State
281885,Bridgewater,2016-01-09,11:57:00,Unknown
281886,Union,2016-01-12,20:31:00,Unknown
282066,East Hartford,2015-04-16,17:55:00,USRoute
282117,East Haven,2016-09-14,12:01:00,USRoute
282609,Hartford,2016-03-25,4:48:00,Local
282627,Hartford,2016-09-20,5:09:00,Local
283586,Orange,2016-04-20,21:01:00,State
283995,Deep River,2015-05-23,2:46:00,State
283998,Kent,2015-07-12,9:28:00,State
283999,Middlefield,2015-07-30,23:43:00,State
284002,East Lyme,2015-09-01,14:37:00,State
284003,Montville,2015-09-04,21:22:00,State
284004,West Hartford,2015-09-09,19:57:00,Interstate
284005,Norwalk,2015-10-06,15:14:00,USRoute
284006,Norwalk,2015-10-07,15:19:00,Interstate
284008,Chester,2015-10-11,20:56:00,State
284014,Norwich,2015-11-21,22:02:00,Interstate
284015,Windham,2015-11-22,1:21:00,USRoute
284020,Bethany,2015-12-25,20:30:00,State
286863,Manchester,2016-07-15,0:22:00,State
287224,Middlebury,2015-10-25,22:02:00,Interstate
289869,New Haven,2015-01-18,7:58:00,State
296455,Killingly,2015-01-03,15:30:00,Interstate
296456,Bethany,2015-01-24,9:56:00,State
303735,Portland,2015-08-08,14:59:00,Local
305900,Old Saybrook,2016-09-30,22:36:00,State
306323,Stratford,2015-10-10,18:03:00,Interstate
308355,Bethel,2016-05-16,23:41:00,State
308795,New Haven,2016-10-28,21:54:00,State
308877,Southington,2016-09-23,2:37:00,Unknown
308924,Canaan,2015-09-09,19:13:00,USRoute
308925,East Hartford,2015-11-08,10:12:00,Interstate
309231,Waterbury,2015-04-04,14:40:00,Local
310042,Meriden,2016-10-07,20:33:00,Local
310059,Monroe,2016-06-13,19:03:00,State
310066,New Britain,2016-06-19,19:47:00,Local
310145,Rocky Hill,2016-09-10,16:49:00,State
310154,Shelton,2016-05-06,13:33:00,State
310397,Waterbury,2016-01-18,10:35:00,Local
310418,Westport,2016-05-13,10:07:00,USRoute
312799,East Haven,2016-05-29,21:56:00,Local
312808,Easton,2016-02-18,12:38:00,State
312875,Fairfield,2016-09-27,19:47:00,State
313312,New Britain,2016-07-28,18:36:00,Local
313642,Norwalk,2016-05-12,17:10:00,Local
313678,Norwich,2016-07-30,2:16:00,State
313951,Southbury,2016-07-11,13:19:00,Local
314401,Stonington,2016-05-25,10:04:00,USRoute
315255,Orange,2016-10-14,21:47:00,USRoute
315366,Eastford,2016-04-18,15:31:00,USRoute
315368,Voluntown,2016-07-07,5:09:00,State
316190,East Hartford,2016-11-04,18:20:00,USRoute
316629,Ansonia,2015-08-20,16:55:00,Local
316718,Coventry,2015-08-07,16:15:00,USRoute
316738,East Hartford,2016-02-13,2:07:00,USRoute
316739,East Haven,2016-03-04,14:26:00,State
316757,Granby,2015-05-22,16:41:00,State
316793,Hartford,2015-11-21,2:08:00,Local
316895,New Milford,2015-11-14,10:40:00,USRoute
316901,Newtown,2016-04-17,20:01:00,State
316906,North Branford,2016-07-18,5:16:00,State
316932,Plainville,2015-03-07,20:57:00,State
316939,Portland,2015-01-10,2:07:00,State
316952,Southington,2016-04-30,0:14:00,Local
316986,Branford,2015-04-30,3:35:00,Interstate
316994,Glastonbury,2015-08-06,5:32:00,State
316996,Watertown,2015-08-22,21:57:00,State
316997,Ledyard,2015-09-07,19:26:00,State
316998,New Haven,2015-09-08,4:37:00,Interstate
317000,Andover,2015-09-20,1:59:00,USRoute
317001,Mansfield,2015-09-29,20:00:00,State
317003,Ledyard,2016-01-14,17:42:00,State
317179,Woodbridge,2015-09-15,16:41:00,State
318661,New Britain,2016-10-31,22:48:00,Local
319236,Old Saybrook,2015-12-24,10:33:00,Interstate
319237,Durham,2016-02-28,15:21:00,State
319238,Rocky Hill,2016-03-03,9:52:00,Interstate
323603,New Haven,2016-10-08,2:00:00,State
323897,Wethersfield,2016-07-19,9:31:00,State
324126,Shelton,2016-12-09,17:14:00,Local
324157,Southington,2015-07-28,14:50:00,Interstate
324158,Haddam,2015-08-28,6:18:00,State
327413,Southbury,2015-11-04,10:50:00,Interstate
327415,Thomaston,2015-12-06,17:32:00,State
327563,Bristol,2015-12-13,0:35:00,State
327569,Cheshire,2015-11-22,9:38:00,Local
327572,Danbury,2015-11-24,19:07:00,State
327604,Meriden,2015-11-22,1:55:00,State
327626,Newington,2015-04-27,14:34:00,State
327648,Simsbury,2015-01-26,15:02:00,State
327666,Farmington,2015-03-05,23:58:00,Interstate
327667,Killingworth,2015-05-17,16:25:00,State
327668,Marlborough,2015-05-26,16:56:00,State
327669,Eastford,2015-07-05,12:21:00,USRoute
327670,Wallingford,2015-07-25,2:19:00,Interstate
327671,Wallingford,2015-07-25,6:21:00,Interstate
327672,Old Lyme,2015-08-15,5:38:00,Interstate
327673,Shelton,2015-08-18,15:12:00,State
327674,Cromwell,2015-08-22,1:11:00,State
327675,Watertown,2015-09-30,21:40:00,State
327676,Durham,2015-10-06,0:18:00,State
327678,Southbury,2015-10-14,18:14:00,Interstate
327679,Middlebury,2015-11-01,3:08:00,Interstate
327680,Thompson,2015-11-05,20:27:00,Interstate
327682,Mansfield,2015-11-11,22:28:00,State
327684,Burlington,2015-12-03,13:27:00,State
327685,Plainfield,2015-12-04,14:38:00,Interstate
327686,East Haddam,2015-12-13,15:38:00,Local
327857,Waterbury,2015-02-28,18:10:00,Local
329287,Hartford,2015-03-31,5:02:00,Local
329361,Milford,2016-06-15,12:40:00,USRoute
329638,New Britain,2015-05-22,23:31:00,State
330548,Stratford,2016-07-16,1:59:00,State
331066,Bloomfield,2016-07-31,19:17:00,State
331776,New Britain,2016-12-01,17:06:00,State
332436,Stratford,2016-08-08,0:05:00,State
332765,Southington,2016-08-15,9:55:00,Local
332979,West Haven,2016-08-27,14:06:00,Local
333609,Hamden,2016-12-11,2:05:00,State
334369,Darien,2016-04-05,17:36:00,Interstate
334370,East Haven,2016-07-02,11:08:00,Interstate
335127,Bridgeport,2016-12-07,17:44:00,Local
335927,Stamford,2016-07-20,19:01:00,USRoute
335942,Cromwell,2015-10-06,16:58:00,Interstate
336131,Waterbury,2016-08-07,23:56:00,Local
336206,Windsor Locks,2016-02-21,19:51:00,State
336362,Middletown,2016-07-07,15:34:00,State
337416,East Hartford,2015-11-21,2:09:00,State
338120,Woodbridge,2015-10-30,5:38:00,State
339235,Norwalk,2017-01-08,15:54:00,Local
339933,Newington,2016-10-19,14:30:00,Local
340455,Groton,2016-10-31,17:19:00,State
340932,Bristol,2016-11-27,6:38:00,USRoute
341459,Woodbridge,2016-11-09,21:20:00,State
341476,Bridgeport,2016-06-25,21:13:00,Local
341680,Ledyard,2016-01-28,8:36:00,Local
342088,Litchfield,2016-01-09,11:50:00,State
344372,Portland,2016-09-02,14:33:00,State
345671,Canaan,2016-06-06,21:53:00,USRoute
346351,Fairfield,2016-12-14,1:28:00,Interstate
350590,Middletown,2016-03-31,14:17:00,Local
355584,West Haven,2017-02-05,7:33:00,Local
355986,Danbury,2016-03-17,9:27:00,Interstate
357101,Danbury,2016-09-03,4:23:00,USRoute
357159,Hamden,2017-01-26,18:27:00,State
357288,New Britain,2017-02-02,1:16:00,Local
357297,New Haven,2016-11-30,17:50:00,Local
357298,New Haven,2017-01-17,15:12:00,State
361294,Greenwich,2017-02-06,18:27:00,USRoute
361460,Simsbury,2016-08-24,11:27:00,State
361467,Southington,2016-12-21,23:51:00,State
361881,Fairfield,2017-03-04,18:16:00,State
361977,Milford,2017-01-18,11:00:00,USRoute
369578,Avon,2017-03-22,8:49:00,Local
369856,Southington,2016-09-24,13:42:00,Local
370043,West Hartford,2016-12-02,6:38:00,Local
372096,Greenwich,2016-11-19,17:37:00,Local
372191,Stamford,2016-11-05,7:30:00,Local
372196,Enfield,2016-01-29,11:29:00,Interstate
372197,Madison,2016-02-08,12:24:00,Interstate
372198,Hartford,2016-02-14,20:48:00,Interstate
372199,Brooklyn,2016-02-24,18:25:00,USRoute
372200,East Hartford,2016-03-03,20:43:00,State
372201,Old Lyme,2016-03-12,22:10:00,Local
372203,Plainville,2016-05-20,18:10:00,State
372205,Lebanon,2016-05-28,16:38:00,State
372207,Griswold,2016-06-02,3:47:00,State
372209,Mansfield,2016-10-16,1:14:00,Unknown
372293,Waterbury,2016-09-23,9:58:00,Local
372307,Watertown,2016-09-30,19:31:00,State
373404,Ledyard,2016-04-05,20:57:00,State
373497,New Milford,2016-11-16,20:49:00,Local
373609,Waterbury,2016-01-06,21:28:00,Interstate
373838,Watertown,2016-03-11,15:23:00,Local
374189,Old Lyme,2016-04-20,0:57:00,Interstate
374191,Waterbury,2016-06-10,1:26:00,State
374194,Eastford,2016-06-17,15:58:00,USRoute
374414,Waterbury,2016-04-27,11:37:00,State
374415,Waterbury,2016-06-16,22:34:00,Local
375654,Trumbull,2016-03-04,22:28:00,Local
375769,Danbury,2016-10-11,8:08:00,State
375928,Shelton,2016-05-19,1:11:00,State
375931,East Haddam,2016-06-07,15:37:00,State
375933,Haddam,2016-06-25,14:51:00,State
375934,Hartford,2016-07-02,16:03:00,Interstate
375935,Westbrook,2016-07-03,1:52:00,Interstate
375938,Windsor,2016-07-14,22:40:00,State
376075,Trumbull,2016-12-18,11:48:00,Local
379118,Stratford,2016-10-05,8:17:00,Local
379612,Stonington,2017-01-27,21:50:00,State
381233,Canton,2017-01-23,12:32:00,State
381274,Farmington,2016-10-20,18:08:00,State
381299,Hartford,2017-02-25,2:28:00,Local
381459,North Haven,2016-03-11,1:05:00,Interstate
381460,Harwinton,2016-04-20,16:37:00,State
381462,Southbury,2016-05-13,13:01:00,USRoute
381463,East Haddam,2016-05-15,19:02:00,State
381464,Seymour,2016-05-19,12:10:00,State
381476,Oxford,2016-08-15,0:27:00,State
381482,Preston,2016-10-16,12:19:00,Local
381486,Norwich,2016-10-30,2:18:00,State
381686,Waterford,2016-12-26,13:28:00,USRoute
382503,Newtown,2017-01-19,14:58:00,USRoute
384687,Newtown,2017-04-04,11:33:00,USRoute
385083,New Milford,2017-02-19,20:02:00,USRoute
385121,Bridgewater,2016-06-11,2:18:00,State
385125,Windham,2016-09-23,22:54:00,Local
385126,Deep River,2016-10-17,1:02:00,State
385744,Westport,2017-02-25,19:39:00,Local
386320,Waterbury,2017-01-24,19:11:00,Local
387104,Stratford,2017-01-24,6:48:00,Local
387404,Norwich,2015-03-03,16:57:00,State
387536,Clinton,2017-04-11,11:04:00,Local
387929,Stratford,2017-02-17,19:56:00,Local
389374,Portland,2017-03-03,12:29:00,State
389403,Cheshire,2017-05-18,18:45:00,State
389502,Portland,2016-09-18,12:55:00,State
389525,Chester,2016-03-13,4:03:00,State
389528,Meriden,2016-07-07,22:05:00,State
389530,Salisbury,2016-08-04,0:37:00,State
389534,New Hartford,2016-09-16,9:13:00,USRoute
389615,Waterbury,2016-12-24,1:35:00,Local
389616,Waterbury,2017-01-11,14:17:00,Unknown
389731,Wallingford,2015-12-20,13:11:00,Interstate
389976,Shelton,2016-06-27,15:55:00,State
390508,Wallingford,2015-10-09,1:16:00,Interstate
391432,Norwich,2016-09-23,23:55:00,State
391500,Salisbury,2016-08-07,17:40:00,State
391501,Wallingford,2016-08-08,1:57:00,Interstate
392006,Clinton,2017-05-04,15:43:00,State
392186,Greenwich,2017-04-25,9:47:00,Interstate
393532,New Haven,2017-04-02,12:45:00,State
394891,Torrington,2017-04-03,9:03:00,State
394910,East Haven,2017-01-05,19:09:00,State
394946,Seymour,2017-04-11,21:35:00,Local
394964,Southington,2017-03-19,2:14:00,State
396878,West Haven,2017-04-09,15:05:00,Local
397312,Bridgeport,2016-12-24,21:53:00,Local
397331,Enfield,2016-12-02,0:51:00,USRoute
397363,Middletown,2016-09-08,18:52:00,State
397383,Norwich,2016-09-16,20:16:00,State
397384,Plainfield,2017-01-01,11:20:00,Local
397394,Stamford,2017-02-04,1:12:00,Local
397491,Meriden,2016-01-01,6:24:00,State
397492,Barkhamsted,2016-05-20,21:04:00,USRoute
397494,Enfield,2016-06-13,0:06:00,Interstate
397495,Montville,2016-07-25,3:47:00,State
397497,New Haven,2016-08-11,13:14:00,Interstate
399983,East Hartford,2017-04-25,19:14:00,Local
400003,Stamford,2016-11-19,18:59:00,USRoute
400057,Bridgeport,2016-07-17,17:27:00,Interstate
400097,Waterbury,2017-04-21,22:06:00,Interstate
400101,West Haven,2017-04-27,12:31:00,Local
401103,Bridgeport,2017-05-12,16:13:00,USRoute
401104,Meriden,2017-05-17,23:30:00,Local
401150,Newtown,2017-04-18,17:26:00,Local
401151,Newtown,2017-04-23,19:47:00,Local
402116,Danbury,2017-05-25,12:42:00,Local
403157,Danbury,2017-05-06,1:20:00,Local
404936,East Haven,2016-12-03,20:39:00,State
404968,Milford,2017-05-22,12:00:00,Unknown
404972,New Haven,2017-05-16,19:54:00,Local
404988,Southington,2017-03-29,16:22:00,Local
404991,Killingly,2016-09-09,14:27:00,Interstate
404992,Montville,2016-10-29,23:13:00,Interstate
405078,West Hartford,2016-11-25,23:45:00,USRoute
405747,Waterbury,2016-12-16,20:15:00,Local
406973,Hamden,2017-06-10,15:44:00,Local
408903,Shelton,2017-06-13,19:50:00,State
408937,Fairfield,2017-02-27,1:58:00,Interstate
409351,Madison,2017-06-24,1:38:00,State
409387,New Haven,2017-06-21,23:12:00,Local
409552,New Haven,2016-07-31,16:44:00,Interstate
409553,New Haven,2016-08-25,3:50:00,Interstate
410012,Windham,2017-06-01,20:10:00,State
410757,New Fairfield,2015-03-28,15:24:00,State
411741,Norwalk,2017-07-12,23:46:00,State
411820,West Hartford,2017-06-08,19:41:00,State
412062,Granby,2017-04-10,19:31:00,Local
414028,Waterbury,2017-01-10,6:51:00,State
414458,Hartford,2015-09-27,0:32:00,Local
415084,Shelton,2015-10-15,18:18:00,State
415886,Canton,2017-02-22,13:27:00,State
416018,Bridgeport,2016-04-18,16:34:00,USRoute
416098,Canton,2017-04-22,13:47:00,USRoute
416913,New Haven,2017-01-02,1:35:00,State
416955,Waterbury,2017-03-27,19:38:00,Local
416956,Waterford,2017-01-19,7:33:00,State
417066,Hartford,2017-05-25,15:22:00,Local
417931,Bridgeport,2017-07-15,19:21:00,Local
418504,Manchester,2016-09-24,9:44:00,Interstate
418946,Coventry,2017-04-29,16:06:00,State
419336,Danbury,2017-08-06,20:46:00,State
419564,Orange,2017-07-26,7:23:00,State
419592,Simsbury,2017-07-15,9:33:00,Local
420161,Bloomfield,2016-03-17,6:53:00,State
420684,New Haven,2016-09-14,1:23:00,Interstate
420685,New Fairfield,2016-12-01,14:22:00,State
422126,Hartford,2017-08-12,9:17:00,Local
423147,Bridgeport,2017-08-16,6:46:00,Local
423342,Hampton,2016-06-23,15:46:00,USRoute
423343,Clinton,2016-08-04,13:34:00,Interstate
423346,New Fairfield,2016-09-14,17:23:00,State
423347,North Haven,2016-09-27,17:09:00,State
423349,Litchfield,2016-10-23,13:31:00,State
423350,East Granby,2016-10-25,16:31:00,State
423352,Windham,2016-11-08,8:16:00,State
423353,Killingly,2016-11-09,18:06:00,State
423354,Danbury,2016-12-01,11:50:00,Local
423355,Preston,2016-12-01,17:24:00,State
423356,Hartford,2016-12-05,22:42:00,Interstate
423358,Essex,2016-12-13,19:00:00,State
424237,Meriden,2017-05-20,16:34:00,State
425133,Windham,2016-06-08,10:51:00,State
425134,Stafford,2016-08-29,23:39:00,State
425135,Andover,2016-09-21,12:12:00,USRoute
425263,Stratford,2017-05-17,20:59:00,Local
425279,Vernon,2016-11-17,9:57:00,State
425419,Plymouth,2017-07-29,0:23:00,Local
427543,Berlin,2017-06-25,13:40:00,State
427993,Bristol,2016-11-19,16:55:00,State
428141,North Haven,2017-09-04,18:21:00,State
428392,West Hartford,2017-01-25,18:33:00,Local
429991,Hartford,2017-06-29,17:28:00,Local
431439,Wallingford,2017-04-17,6:34:00,Local
432342,Columbia,2016-07-24,16:29:00,USRoute
432343,Plainfield,2016-09-10,14:18:00,Interstate
432347,Somers,2016-11-03,5:25:00,Local
432348,Durham,2016-11-04,8:17:00,Local
432349,Norwalk,2017-01-26,11:09:00,Local
432350,Columbia,2017-03-02,14:32:00,USRoute
432637,East Hartford,2017-09-16,21:51:00,State
433880,Norwalk,2017-09-15,21:14:00,Local
434726,Bridgeport,2017-09-11,1:21:00,Local
434909,Shelton,2017-09-14,19:15:00,State
435271,Groton,2016-12-22,17:11:00,Local
435416,Southbury,2016-03-04,7:20:00,USRoute
435417,North Canaan,2016-05-29,17:17:00,USRoute
435418,Southington,2016-07-28,9:04:00,Interstate
435419,Westport,2016-09-28,18:59:00,Interstate
435421,New Britain,2016-10-28,5:55:00,State
435425,Deep River,2017-04-01,15:14:00,State
435810,Hartford,2017-07-18,12:43:00,Unknown
437246,Meriden,2017-09-17,21:03:00,State
437267,Naugatuck,2017-09-24,0:54:00,Local
437583,Wilton,2017-08-16,20:27:00,USRoute
437668,Danbury,2017-09-21,3:58:00,Local
438239,East Windsor,2017-04-06,12:42:00,State
438339,Norwalk,2017-08-12,21:10:00,State
438460,Sterling,2016-12-28,12:54:00,State
438799,Madison,2015-06-28,21:08:00,USRoute
439015,East Hartford,2016-12-01,19:50:00,Interstate
440072,Norwalk,2016-04-28,23:30:00,State
442124,Bristol,2017-09-29,14:57:00,Local
442138,Cheshire,2017-09-26,6:59:00,State
444011,Lebanon,2017-05-05,14:41:00,Local
444431,Bristol,2017-10-23,18:10:00,Local
444626,Bolton,2016-10-04,17:05:00,USRoute
444627,Preston,2016-12-04,5:35:00,State
444907,Bristol,2017-09-15,6:46:00,State
445090,Brooklyn,2016-10-02,2:17:00,State
445093,Old Lyme,2017-01-22,13:43:00,Interstate
445557,North Stonington,2017-07-18,13:50:00,State
445907,Hamden,2017-09-04,16:03:00,Local
446231,Torrington,2017-07-29,18:02:00,State
447526,Fairfield,2017-03-09,1:11:00,Interstate
448080,Brookfield,2016-11-08,3:51:00,USRoute
448081,Old Lyme,2016-12-01,11:28:00,Interstate
448082,Meriden,2016-12-25,6:35:00,Interstate
448928,Milford,2017-02-04,5:26:00,Interstate
450147,Hartford,2017-05-18,0:22:00,Local
450184,Norwich,2017-08-19,23:35:00,State
450401,West Haven,2017-08-23,20:55:00,USRoute
452784,Norwalk,2016-05-11,21:37:00,USRoute
452870,Rocky Hill,2016-04-06,12:20:00,Local
452938,West Haven,2016-02-22,0:58:00,Interstate
452939,Ashford,2016-04-20,22:15:00,USRoute
452940,Trumbull,2016-04-30,9:25:00,State
452941,Brooklyn,2016-04-30,15:40:00,State
452942,Killingly,2016-05-12,13:48:00,State
452943,Deep River,2016-06-01,18:27:00,State
452944,East Haddam,2016-07-26,7:59:00,State
452945,Sherman,2016-09-10,14:23:00,Local
452946,Meriden,2016-10-21,15:57:00,Interstate
452947,Oxford,2016-10-22,6:27:00,Local
452948,Southbury,2016-12-12,6:37:00,State
452950,Preston,2016-12-27,10:28:00,State
452952,Waterford,2017-01-25,23:38:00,Interstate
453124,Wallingford,2016-02-18,20:00:00,Unknown
453282,Madison,2016-03-18,11:21:00,Local
454457,Bristol,2017-09-02,18:47:00,Local
455950,New Fairfield,2017-04-23,0:50:00,State
456443,Branford,2016-11-27,18:25:00,USRoute
457613,Bloomfield,2017-09-24,4:59:00,State
458272,Bridgeport,2017-03-03,16:09:00,State
459348,Bridgeport,2016-04-25,2:18:00,Local
459817,West Haven,2016-10-30,2:07:00,USRoute
459859,East Haven,2017-05-20,16:29:00,State
459884,Hartford,2017-09-16,2:03:00,Local
460163,Bridgeport,2017-08-10,13:03:00,Local
460479,Preston,2017-03-11,22:03:00,State
461295,Stafford,2016-09-11,15:00:00,State
461296,New Hartford,2016-10-07,18:35:00,USRoute
461298,Naugatuck,2016-12-22,17:33:00,State
461860,New Britain,2017-09-27,0:18:00,Local
462362,Madison,2017-11-09,16:09:00,State
462409,Plainville,2017-10-28,21:27:00,Unknown
462450,Milford,2016-04-16,2:17:00,Interstate
462455,Griswold,2017-03-07,19:26:00,State
463211,Enfield,2016-12-19,13:59:00,Interstate
463495,Wallingford,2017-10-15,18:41:00,USRoute
463926,Waterbury,2017-05-04,20:39:00,Local
464804,Killingly,2016-06-09,14:42:00,State
465073,Wethersfield,2017-11-09,12:41:00,State
465264,Waterbury,2016-05-28,2:03:00,State
465606,Shelton,2015-04-12,0:33:00,State
466860,Salem,2017-01-13,17:28:00,State
466873,Norwich,2017-06-25,22:50:00,Interstate
467138,Bridgeport,2016-02-10,17:49:00,Local
467156,Wilton,2016-10-27,9:13:00,Local
467211,Hartford,2016-10-31,13:04:00,Unknown
467236,New Britain,2016-10-06,19:55:00,Unknown
467255,North Haven,2016-01-17,12:56:00,Unknown
467279,Stamford,2016-05-09,9:39:00,USRoute
467289,Prospect,2016-02-06,2:13:00,Local
467290,Trumbull,2016-10-07,11:37:00,State
467293,Westport,2016-12-31,5:14:00,Interstate
467405,Bridgeport,2017-09-07,23:25:00,Local
467488,Norwich,2017-10-23,12:48:00,State
467603,Waterbury,2017-06-23,7:55:00,State
468193,Berlin,2017-11-04,18:27:00,State
468320,Colchester,2016-10-07,17:50:00,State
468995,Colchester,2017-04-04,14:45:00,State
469447,Danbury,2017-05-28,23:13:00,State
469532,Meriden,2017-11-02,19:28:00,USRoute
469719,Branford,2017-12-10,16:15:00,State
469874,Bethany,2017-02-14,5:24:00,State
469877,Essex,2017-04-02,6:15:00,State
469963,Enfield,2017-08-11,11:16:00,State
470099,Westport,2016-12-21,22:02:00,State
470100,North Haven,2016-12-25,8:34:00,Interstate
470687,Brookfield,2017-07-15,22:24:00,Local
471130,Windsor Locks,2016-10-15,13:55:00,Interstate
471216,Waterbury,2017-08-02,17:04:00,Local
471774,Bridgeport,2017-12-29,20:10:00,Local
471802,Hartford,2017-09-28,18:07:00,Local
472048,Guilford,2017-04-18,0:23:00,Interstate
472696,New Haven,2017-11-02,17:55:00,Local
472714,Ashford,2017-03-29,9:34:00,USRoute
472755,Waterbury,2016-08-05,2:09:00,Interstate
472978,Waterbury,2017-08-02,18:54:00,Local
473540,Stamford,2015-06-24,13:24:00,Local
473549,Shelton,2015-04-06,1:44:00,State
473550,Greenwich,2016-11-19,16:08:00,Interstate
473552,Hartland,2016-12-26,18:44:00,Local
473580,Bristol,2017-12-19,16:32:00,Local
474222,Enfield,2017-08-21,3:33:00,Local
474556,Stamford,2017-01-01,4:55:00,Local
474557,Stamford,2017-10-16,0:32:00,USRoute
474562,Lyme,2017-03-29,13:03:00,State
474563,Cromwell,2017-04-07,8:28:00,Interstate
474564,Middletown,2017-05-06,21:04:00,State
474568,Colchester,2017-05-26,17:21:00,Local
474867,Norwalk,2018-01-08,22:11:00,USRoute
475458,New Haven,2017-09-23,2:58:00,State
475479,New Haven,2018-01-25,13:32:00,Local
475548,Wallingford,2017-06-15,15:14:00,Interstate
476350,Southbury,2016-11-25,9:48:00,Interstate
476424,East Granby,2017-12-20,18:06:00,State
476506,Waterbury,2017-08-20,15:11:00,Local
477180,Farmington,2017-09-14,23:45:00,USRoute
477294,New Haven,2018-02-10,22:13:00,State
477374,Bolton,2015-12-25,14:23:00,USRoute
477375,Danbury,2016-12-22,17:33:00,Interstate
477378,Norwich,2017-06-10,19:16:00,Interstate
477605,Windsor,2018-02-07,13:25:00,State
478617,Union,2017-06-08,17:21:00,State
478621,Warren,2017-12-19,13:30:00,State
479090,Thomaston,2017-02-25,2:03:00,State
479094,Newtown,2017-06-25,0:38:00,Interstate
479551,Portland,2017-11-04,22:52:00,State
479568,Washington,2017-02-28,12:15:00,USRoute
479732,Waterbury,2017-12-12,6:24:00,Local
479846,Greenwich,2018-02-07,17:54:00,Local
479895,New Haven,2017-12-10,21:07:00,Local
480242,Rocky Hill,2017-05-26,22:34:00,Interstate
480244,Stamford,2017-08-26,3:40:00,Interstate
480246,Meriden,2017-11-04,8:40:00,Interstate
480279,Stonington,2017-11-26,16:39:00,Local
480390,East Hartford,2017-03-14,15:10:00,Local
480841,Bloomfield,2017-12-13,20:49:00,State
481021,New Britain,2018-01-26,21:03:00,Local
481518,Bridgeport,2017-06-13,0:37:00,Local
482152,Hartford,2018-02-03,21:21:00,Local
482939,Groton,2017-03-30,22:15:00,State
483988,Westport,2017-01-11,10:26:00,State
484257,Hartford,2018-01-23,22:49:00,USRoute
484596,Woodbury,2017-04-04,14:20:00,State
485193,Bethany,2017-07-14,16:56:00,State
485658,Hartford,2018-01-25,19:55:00,Local
485704,New Britain,2018-03-10,20:45:00,Local
486210,Bridgeport,2017-12-19,11:28:00,State
486258,Brookfield,2017-11-06,18:10:00,Local
486496,North Haven,2017-03-19,2:40:00,Interstate
487016,Tolland,2017-10-31,9:00:00,Unknown
487435,Putnam,2017-09-30,1:02:00,State
487639,Vernon,2017-09-21,21:51:00,Local
490825,Watertown,2018-01-23,21:18:00,State
490837,West Haven,2018-01-14,2:13:00,Local
492320,West Haven,2017-04-02,16:40:00,Local
492635,Southington,2018-01-14,5:33:00,State
493083,Wethersfield,2017-06-09,3:55:00,Interstate
493819,Derby,2017-10-28,11:36:00,State
494601,Sprague,2017-07-16,22:54:00,State
495783,Windsor,2018-04-14,0:57:00,Interstate
496655,Hamden,2017-08-09,13:47:00,Local
496840,Putnam,2017-01-02,11:48:00,Interstate
496843,Hebron,2017-07-16,12:39:00,State
498820,Waterbury,2018-03-11,3:00:00,State
499596,Wethersfield,2017-04-25,0:58:00,State
501875,Danbury,2018-04-07,1:03:00,Interstate
502079,Bristol,2017-04-30,11:50:00,Unknown
502177,Hartford,2017-05-21,18:41:00,Local
502178,Ledyard,2017-05-09,16:12:00,Local
502179,Madison,2017-01-12,14:43:00,Local
502519,North Haven,2018-05-04,11:33:00,Unknown
502805,New Canaan,2018-03-27,11:58:00,Local
502855,North Branford,2018-04-24,6:32:00,State
503212,Bridgeport,2018-04-22,18:56:00,Local
505087,Salisbury,2018-04-18,8:59:00,USRoute
505095,Greenwich,2018-05-09,21:27:00,Interstate
505106,Stratford,2018-04-06,0:18:00,State
505717,Wallingford,2018-04-30,8:05:00,State
505983,Groton,2018-05-07,17:01:00,Unknown
506643,Farmington,2018-04-30,1:25:00,Interstate
506645,Norwalk,2018-05-12,4:13:00,Interstate
507543,Canton,2017-06-24,22:57:00,USRoute
507642,Manchester,2017-05-20,1:26:00,USRoute
507798,Stamford,2017-08-17,23:25:00,State
507803,Stamford,2017-11-22,12:31:00,State
507806,Stamford,2017-12-01,19:03:00,Local
507968,New Britain,2017-04-09,21:26:00,State
507970,East Granby,2017-06-10,21:02:00,State
507974,Waterbury,2017-11-21,15:48:00,State
508782,Shelton,2018-04-08,18:53:00,State
508827,New Hartford,2017-09-15,11:31:00,State
509166,Wallingford,2018-05-06,2:00:00,State
509499,Hartford,2018-02-19,23:11:00,Local
512556,New Haven,2017-02-06,1:10:00,State
512557,North Haven,2017-03-02,19:53:00,State
512899,New Hartford,2018-05-11,16:07:00,USRoute
513167,Danbury,2018-02-06,20:28:00,State
514787,North Haven,2018-05-10,19:22:00,Local
515151,Danbury,2017-04-28,22:43:00,Interstate
515153,Rocky Hill,2017-09-16,5:05:00,Interstate
518451,Middlebury,2017-05-25,21:39:00,Interstate
518641,Bridgeport,2018-02-24,20:42:00,Local
518841,Middletown,2018-03-17,23:15:00,Unknown
519507,Windsor Locks,2018-05-03,0:04:00,Local
519640,Stamford,2018-01-02,7:09:00,Local
519874,Manchester,2018-04-14,16:12:00,State
520068,Salisbury,2018-06-07,18:00:00,State
520070,Tolland,2018-06-17,0:38:00,Interstate
520400,Griswold,2017-07-05,20:24:00,Local
520403,New Hartford,2017-10-08,0:31:00,USRoute
522443,Winchester,2018-01-14,20:22:00,State
523883,Naugatuck,2018-02-27,11:15:00,Local
523979,Meriden,2018-05-26,23:37:00,State
525741,Enfield,2018-03-26,8:15:00,State
525744,Fairfield,2018-05-12,1:40:00,USRoute
525959,Meriden,2018-05-29,3:05:00,Interstate
525962,Woodbury,2018-06-06,17:22:00,USRoute
526962,Colchester,2018-06-24,14:31:00,State
527248,Harwinton,2018-04-10,17:51:00,State
527402,Enfield,2018-05-08,14:33:00,State
527543,Hamden,2018-06-10,10:13:00,Local
527830,Norwalk,2018-06-05,21:57:00,State
528296,Marlborough,2018-02-22,15:03:00,State
528336,New Haven,2018-05-08,19:13:00,Local
528617,Orange,2017-05-27,16:14:00,State
528619,Fairfield,2017-08-14,23:23:00,State
528621,Voluntown,2017-10-06,23:46:00,State
528623,Greenwich,2017-11-02,6:01:00,State
528684,New Haven,2018-05-26,1:54:00,USRoute
529194,Stamford,2017-09-17,9:03:00,State
529202,Wethersfield,2017-12-30,20:16:00,State
529246,Waterbury,2017-11-22,0:01:00,Local
529369,New Britain,2018-07-07,15:11:00,State
529561,Thomaston,2018-06-15,18:10:00,State
532445,Danbury,2018-07-24,8:48:00,State
532495,Groton,2017-02-27,0:14:00,Local
532498,Ledyard,2017-07-15,9:47:00,Local
532548,Orange,2018-04-21,20:27:00,Local
532784,Washington,2017-05-20,19:55:00,State
532785,New Hartford,2017-06-20,19:30:00,USRoute
532786,Waterbury,2017-06-29,19:14:00,State
532787,Windham,2017-10-08,21:32:00,State
532791,Union,2017-12-20,3:38:00,Interstate
532792,Somers,2017-12-28,12:13:00,State
532803,Hartford,2018-07-04,22:30:00,Interstate
532829,Plainville,2018-07-16,17:17:00,State
532839,Waterbury,2017-11-26,16:15:00,State
532913,Hamden,2018-07-22,2:26:00,State
533316,North Branford,2018-07-02,19:24:00,State
533547,Suffield,2018-02-21,14:54:00,Local
533707,New Haven,2018-06-29,17:34:00,Local
535031,New Haven,2018-07-14,3:05:00,Local
535505,New Haven,2018-07-20,21:10:00,Local
535581,Salisbury,2018-07-20,19:34:00,Local
535588,Waterbury,2018-03-12,7:23:00,Local
535791,Middlebury,2018-04-16,22:17:00,State
535912,New Haven,2018-08-11,21:25:00,State
536025,Killingly,2018-02-08,14:23:00,Interstate
536207,Canaan,2018-07-29,0:32:00,USRoute
536244,Waterbury,2018-02-23,2:24:00,Local
536317,Windham,2018-08-12,4:25:00,Local
536395,Danbury,2018-08-09,19:07:00,Local
536670,Stamford,2018-07-09,4:11:00,Interstate
536902,Windsor Locks,2018-04-25,22:06:00,State
537232,Bristol,2018-04-20,9:39:00,Local
537372,Middlebury,2018-06-22,22:35:00,State
537452,New Haven,2018-08-06,17:13:00,State
537571,Waterford,2018-02-22,2:37:00,Interstate
537582,Waterford,2018-07-15,15:04:00,Interstate
537808,North Stonington,2018-07-27,20:22:00,State
538235,Cromwell,2018-06-20,6:43:00,State
540069,Burlington,2018-05-26,20:45:00,State
540835,New Haven,2018-02-02,11:06:00,Local
540839,New Haven,2018-06-02,1:15:00,State
542178,New Haven,2017-06-05,7:00:00,State
542181,Rocky Hill,2018-07-24,9:44:00,Interstate
542217,Bethel,2018-07-26,13:11:00,State
542540,Plainville,2017-07-22,23:03:00,State
542545,Woodbury,2017-05-09,14:16:00,State
542546,East Haddam,2017-05-30,18:47:00,State
542548,Chaplin,2017-06-18,22:03:00,USRoute
542550,Killingly,2017-10-04,17:15:00,USRoute
542552,Waterbury,2017-10-23,10:06:00,Interstate
542553,West Haven,2017-11-09,21:55:00,Local
542554,Killingly,2017-11-22,1:40:00,USRoute
542557,Putnam,2017-12-17,19:25:00,USRoute
542558,Wethersfield,2017-12-19,16:06:00,State
542586,East Hampton,2018-08-16,1:01:00,State
542929,Bridgeport,2018-05-07,4:57:00,State
543553,Wallingford,2018-08-15,21:40:00,Interstate
543785,Norwalk,2018-03-11,3:07:00,State
544541,Somers,2017-09-08,14:13:00,State
544542,Stafford,2017-09-22,21:57:00,State
544544,Woodstock,2017-11-18,0:53:00,State
544635,Southbury,2018-08-15,21:00:00,Local
544816,New Britain,2018-05-19,15:59:00,Local
545192,Stamford,2018-03-02,19:12:00,State
545304,Guilford,2018-08-25,6:21:00,Interstate
545544,Killingly,2018-01-03,22:58:00,State
545705,Hamden,2018-08-31,12:06:00,Unknown
549336,New Canaan,2018-07-13,11:43:00,State
549460,Griswold,2018-02-24,0:30:00,Local
549464,East Hartford,2018-07-18,18:24:00,Interstate
549466,North Haven,2018-08-04,16:25:00,Interstate
550763,Colchester,2018-02-05,15:55:00,State
550765,Cornwall,2018-03-18,6:38:00,USRoute
551261,New Haven,2018-09-09,8:31:00,Local
551345,Madison,2018-08-18,2:43:00,Interstate
554606,Pomfret,2017-07-04,22:04:00,USRoute
554948,Plainville,2018-09-04,17:01:00,State
555032,Hebron,2017-06-20,14:15:00,Local
555033,Cheshire,2017-06-27,16:44:00,Interstate
555036,Chaplin,2017-12-12,6:30:00,USRoute
555115,Montville,2018-09-21,21:50:00,Local
555406,Bristol,2018-10-01,19:52:00,USRoute
556497,Norwich,2018-02-27,0:13:00,Interstate
556663,West Haven,2018-09-25,9:59:00,Unknown
557280,Glastonbury,2017-10-27,10:40:00,State
557690,East Hartford,2018-08-27,12:54:00,Interstate
557840,Torrington,2018-09-15,0:00:00,Local
557853,Waterbury,2018-07-31,17:32:00,State
557924,Bridgeport,2018-07-04,22:00:00,Local
557933,Bridgeport,2018-09-28,22:08:00,Local
558242,East Hartford,2018-09-11,1:08:00,State
558669,Woodstock,2017-10-02,20:50:00,Local
558671,Brooklyn,2018-03-17,15:22:00,USRoute
558672,Tolland,2018-03-29,12:34:00,Interstate
558884,Waterbury,2018-04-28,7:45:00,Local
558967,Bridgeport,2018-06-21,23:00:00,Unknown
559102,North Haven,2018-09-03,10:57:00,State
559151,Bridgeport,2018-06-14,18:18:00,State
559312,Stratford,2018-09-16,11:43:00,Local
559452,Granby,2017-07-11,19:23:00,Local
559479,New Haven,2017-12-17,6:21:00,Local
559529,Newtown,2017-05-30,8:55:00,Interstate
559530,Mansfield,2017-06-17,5:00:00,State
559534,Old Lyme,2017-10-18,13:55:00,Interstate
559536,Killingly,2017-11-14,13:13:00,USRoute
559538,Salisbury,2017-12-02,20:33:00,USRoute
559539,Hampton,2017-12-26,12:37:00,USRoute
559560,New Haven,2018-10-04,23:55:00,Interstate
561038,Portland,2018-04-05,2:24:00,State
561418,New Milford,2018-07-17,21:49:00,Local
561459,Mansfield,2018-10-02,19:23:00,USRoute
561743,Norwich,2018-02-23,1:45:00,Interstate
561750,Salisbury,2018-10-02,20:25:00,USRoute
561753,Sharon,2018-10-03,22:52:00,Local
562070,Cheshire,2018-08-22,17:01:00,State
562757,Plymouth,2018-02-24,13:12:00,USRoute
562766,Prospect,2018-03-11,13:09:00,State
562776,North Canaan,2018-09-25,18:15:00,USRoute
562792,Hartford,2018-10-09,6:03:00,Interstate
563773,Bolton,2018-04-06,13:00:00,Interstate
563779,Haddam,2018-10-11,16:57:00,State
563784,Waterbury,2018-10-15,11:17:00,Unknown
564468,Thomaston,2018-11-03,8:02:00,State
564803,Stamford,2018-10-19,19:18:00,Interstate
566866,Orange,2018-10-27,10:22:00,State
566870,Wallingford,2018-10-31,2:26:00,Interstate
566879,Milford,2018-11-01,7:52:00,Interstate
566880,Wallingford,2018-11-02,4:43:00,Interstate
567193,Hartford,2018-04-19,6:04:00,Unknown
567261,Hartford,2018-01-16,21:53:00,Unknown
567262,Hartford,2018-02-03,21:21:00,Unknown
567297,Hartford,2018-04-07,16:58:00,Unknown
567319,Hartford,2018-04-23,1:27:00,Unknown
567340,Waterbury,2017-07-19,23:25:00,State
567359,Bridgeport,2018-09-16,21:56:00,State
567371,Glastonbury,2018-08-15,18:49:00,Local
567935,Hartford,2018-07-07,4:15:00,Local
567993,Hartford,2018-09-05,22:47:00,USRoute
568452,Hartford,2018-06-15,13:48:00,Local
568514,Newington,2018-08-31,22:21:00,State
568528,Mansfield,2018-04-16,12:07:00,State
568533,Tolland,2018-07-04,22:21:00,Local
568536,Waterford,2018-09-13,20:28:00,Interstate
568539,Cromwell,2018-10-26,0:22:00,Interstate
568554,Brooklyn,2018-11-14,18:23:00,USRoute
568557,Putnam,2018-11-17,14:18:00,USRoute
568791,Newington,2018-09-19,15:32:00,State
568798,Ansonia,2018-09-23,5:19:00,State
569117,Hartford,2018-10-10,15:25:00,Local
569209,Meriden,2018-08-19,21:33:00,Local
569222,Enfield,2018-10-27,2:10:00,Interstate
569508,Waterbury,2018-11-19,17:08:00,Unknown
569897,East Haven,2018-10-30,22:28:00,Interstate
569904,West Haven,2018-10-27,6:37:00,Local
569905,West Haven,2018-10-28,21:21:00,Local
570153,Hartford,2018-01-08,3:13:00,Local
570154,Hartford,2018-06-07,17:48:00,Local
570155,Hartford,2018-06-25,20:16:00,Local
570156,Hartford,2018-07-21,4:58:00,Local
570196,Enfield,2018-01-21,7:18:00,Interstate
570204,Norfolk,2018-11-27,21:11:00,USRoute
570215,Danbury,2018-11-01,6:35:00,Local
570572,Bethany,2018-11-04,7:33:00,State
570785,Norwalk,2018-10-07,16:12:00,Unknown
571856,Wethersfield,2018-12-04,6:31:00,Unknown
571902,Glastonbury,2018-09-13,10:53:00,Unknown
572171,Groton,2018-01-01,12:04:00,State
572172,Hartford,2017-11-12,2:36:00,Local
572178,New Britain,2018-09-04,11:57:00,Local
572179,North Haven,2018-11-28,6:19:00,State
572183,Prospect,2017-09-23,15:47:00,State
572184,Washington,2017-09-30,2:18:00,Local
572186,Marlborough,2017-10-05,22:21:00,Local
572187,Old Lyme,2017-10-30,1:49:00,USRoute
572189,Cromwell,2017-11-25,1:31:00,Interstate
572191,North Stonington,2018-04-28,23:10:00,State
572192,Union,2018-05-05,22:30:00,Local
572193,Plainfield,2018-05-06,19:33:00,Interstate
572195,Newtown,2018-07-12,7:01:00,Interstate
572199,Thompson,2018-08-19,15:01:00,State
572246,Hartford,2018-01-16,12:04:00,Local
572248,Hartford,2018-01-16,12:04:00,Local
572650,Westport,2017-04-20,21:14:00,Interstate
573200,Hamden,2018-05-10,2:06:00,Local
573205,Bridgeport,2017-07-08,22:54:00,Interstate
573206,Wallingford,2017-09-03,14:40:00,Interstate
573207,Manchester,2017-11-06,19:50:00,Interstate
573208,Lisbon,2018-05-04,15:49:00,State
573211,Lebanon,2018-05-30,18:01:00,Local
573318,Farmington,2018-06-22,17:48:00,Local
573320,Hamden,2018-07-20,18:48:00,State
573321,Hartford,2018-04-19,6:04:00,Local
573322,Hartford,2018-01-16,21:53:00,Local
573323,Hartford,2018-02-03,21:21:00,Local
573324,Hartford,2018-04-07,16:58:00,Local
573325,Hartford,2018-04-23,1:27:00,State
573658,Haddam,2018-07-30,19:14:00,State
573659,Brooklyn,2018-08-28,18:45:00,State
573761,West Haven,2018-11-09,23:11:00,Local
574259,Groton,2018-11-13,4:53:00,Interstate
574305,Vernon,2018-08-07,12:17:00,State
574694,Stratford,2017-11-05,1:32:00,State
574696,Harwinton,2017-12-25,18:13:00,State
574697,Trumbull,2017-12-29,17:30:00,State
574698,Windsor,2018-01-22,16:02:00,State
574699,Norwalk,2018-04-30,18:00:00,USRoute
574949,Waterbury,2018-08-02,7:39:00,Local
575195,New Britain,2018-06-03,14:41:00,State
575313,Westbrook,2018-10-14,19:39:00,Interstate
575411,Prospect,2018-11-10,16:14:00,State
575747,Rocky Hill,2017-12-09,3:05:00,Interstate
576764,Shelton,2017-12-05,19:21:00,State
577227,Stamford,2018-12-13,17:16:00,Unknown
577275,Wolcott,2017-11-05,22:00:00,Local
577390,Bristol,2018-12-15,22:33:00,State
577455,Hartford,2018-11-07,15:18:00,Local
577717,Glastonbury,2018-12-24,4:23:00,State
578072,Southington,2018-08-25,16:38:00,State
578079,Kent,2018-05-04,19:08:00,Local
578081,Willington,2018-06-30,0:57:00,State
578225,Milford,2018-11-16,2:41:00,Interstate
578229,Chaplin,2018-12-26,15:40:00,Local
578477,Hartford,2018-11-16,23:42:00,Local
578676,Branford,2018-11-09,6:44:00,Interstate
578765,Bridgeport,2018-11-25,2:25:00,State
579004,New Haven,2018-11-20,23:42:00,State
579056,Bolton,2018-06-19,15:54:00,State
579071,Bridgeport,2018-10-25,19:44:00,State
579166,Griswold,2018-11-26,18:58:00,State
579170,Westport,2019-01-06,2:16:00,Interstate
579263,Canton,2018-12-26,17:11:00,USRoute
579480,Killingly,2018-12-20,17:12:00,USRoute
579741,Milford,2018-06-12,14:52:00,Local
579772,New Haven,2018-05-15,13:16:00,Local
580476,Westport,2018-12-02,3:44:00,Interstate
580644,East Lyme,2018-11-10,22:54:00,State
580918,New Britain,2018-12-08,23:49:00,State
580919,Lebanon,2018-12-13,23:43:00,Local
581026,Bridgeport,2018-11-22,14:11:00,Local
581087,Danbury,2018-10-21,1:38:00,Local
581340,Pomfret,2018-03-28,15:23:00,USRoute
581342,Ellington,2018-05-31,1:43:00,State
581343,Colchester,2018-06-15,2:26:00,State
581344,Bolton,2018-06-20,12:02:00,Local
581345,Orange,2018-06-29,20:24:00,Interstate
581346,Canterbury,2018-07-14,18:38:00,State
581558,Essex,2018-12-22,15:43:00,Local
581561,North Haven,2019-01-01,22:09:00,State
581681,West Haven,2018-12-16,22:57:00,Unknown
581941,Orange,2018-07-30,2:30:00,Interstate
582095,Trumbull,2019-01-12,15:40:00,State
582259,Guilford,2018-11-19,13:15:00,USRoute
582394,Bethany,2018-05-23,21:25:00,State
582395,North Stonington,2018-06-02,11:43:00,State
582710,Danbury,2018-07-05,10:46:00,Local
582766,Hamden,2018-07-01,1:53:00,Local
582799,New Britain,2018-09-27,18:14:00,Local
583434,Westbrook,2018-09-15,7:19:00,Interstate
583707,Wethersfield,2019-01-05,3:13:00,Unknown
583722,Watertown,2018-07-27,5:07:00,State
583758,Bridgeport,2019-01-04,10:56:00,USRoute
583871,New Haven,2019-01-05,19:19:00,State
583921,Trumbull,2018-06-21,23:10:00,State
584064,Vernon,2018-11-28,15:31:00,State
584334,Hamden,2018-05-18,23:31:00,State
584468,Middletown,2018-12-21,7:48:00,State